# header s,l,s,l,l,l,d,d,d,d,d,d,d,d,d,d,d,d,d,d,s,s,roi
Image Name,Channel ID,roi_type,label,area,filled_area,major_axis_length,centroid-0,centroid-1,centroid-2,weighted_centroid-0,weighted_centroid-1,weighted_centroid-2,equivalent_diameter,max_intensity,mean_intensity,min_intensity,sphericity,solidity,volume,volume_units,Roi Name,roi
20190412_RI510_ESC_121a_SIR_THR_51.ome.tiff,0,domain,1,1387,1387,21.01410607991,25.671953857245853,13.903388608507573,27.40663302090844,25.74519348290924,13.81195447145068,27.51592301269576,13.83649040481251,33635.0,13962.732516222062,7040.0,0.6591425531058374,0.7818489289740699,0.2774,micron^3,ch-0_domain_label-1,141939
20190412_RI510_ESC_121a_SIR_THR_51.ome.tiff,0,subdomain,2,373,373,13.564871402382067,24.501340482573728,16.927613941018766,22.908847184986595,24.678662501350985,16.8489200887274,23.01813847444455,,25515.0,13022.98927613941,7058.0,,,0.0746,micron^3,ch-0_subdomain_label-2,141940
20190412_RI510_ESC_121a_SIR_THR_51.ome.tiff,0,subdomain,3,1014,1014,16.713518095217882,26.102564102564106,12.790927021696252,29.06114398422091,26.102271769385823,12.79516780753112,29.021796938189304,,33635.0,14308.417159763314,7040.0,,,0.2028,micron^3,ch-0_subdomain_label-3,141941
