# header s,l,s,l,l,l,d,d,d,d,d,d,d,d,d,d,d,d,d,d,s,s,roi
Image Name,Channel ID,roi_type,label,area,filled_area,major_axis_length,centroid-0,centroid-1,centroid-2,weighted_centroid-0,weighted_centroid-1,weighted_centroid-2,equivalent_diameter,max_intensity,mean_intensity,min_intensity,sphericity,solidity,volume,volume_units,Roi Name,roi
20190412_RI510_ESC_82a_SIR_THR_39.ome.tiff,0,domain,1,343,343,16.962648609459283,17.892128279883384,28.69970845481049,23.825072886297377,17.93325504823108,28.33266643751709,23.33746661494696,8.684906872591599,54510.0,19008.043731778427,7942.0,0.6581106042251983,0.7101449275362319,0.0686,micron^3,ch-0_domain_label-1,142291
20190412_RI510_ESC_82a_SIR_THR_39.ome.tiff,0,subdomain,2,52,52,5.671448519434747,17.057692307692307,32.86538461538461,29.46153846153846,17.039666199035807,32.837153440114655,29.486953435404704,,15789.0,11432.423076923076,8794.0,,,0.0104,micron^3,ch-0_subdomain_label-2,142292
20190412_RI510_ESC_82a_SIR_THR_39.ome.tiff,0,subdomain,3,291,291,11.5537287572985,18.04123711340206,27.9553264604811,22.81786941580756,18.022909324177974,27.88072870228933,22.7204851152006,,54510.0,20361.76288659794,7942.0,,,0.0582,micron^3,ch-0_subdomain_label-3,142293
